,
,
,
,
,
,
ps_product_global_attribute.101219101821-Thể Thao & Dã Ngoại/Dụng Cụ Thể Thao & Dã Ngoại/Câu Cá/Túi Đựng Dụng Cụ Câu,Đúng
ps_product_global_attribute.101219101821-Thể Thao & Dã Ngoại/Dụng Cụ Thể Thao & Dã Ngoại/Câu Cá/Túi Đựng Dụng Cụ Câu,Không
ps_product_global_attribute.101219101833-Thể Thao & Dã Ngoại/Dụng Cụ Thể Thao & Dã Ngoại/Cắm Trại & Dã ngoại/La Bàn,Đúng
ps_product_global_attribute.101219101833-Thể Thao & Dã Ngoại/Dụng Cụ Thể Thao & Dã Ngoại/Cắm Trại & Dã ngoại/La Bàn,Không
ps_product_global_attribute.101219101867-Thể Thao & Dã Ngoại/Dụng Cụ Thể Thao & Dã Ngoại/Bóng Bàn/Lưới Bóng Bàn,Đúng
ps_product_global_attribute.101219101867-Thể Thao & Dã Ngoại/Dụng Cụ Thể Thao & Dã Ngoại/Bóng Bàn/Lưới Bóng Bàn,Không
ps_product_global_attribute.101219101881-Thể Thao & Dã Ngoại/Dụng Cụ Thể Thao & Dã Ngoại/Bơi Lội & Lặn/Đèn Lặn,Đúng
ps_product_global_attribute.101219101881-Thể Thao & Dã Ngoại/Dụng Cụ Thể Thao & Dã Ngoại/Bơi Lội & Lặn/Đèn Lặn,Không
ps_product_global_attribute.100022101313-Thể Thao & Dã Ngoại/Thời Trang Thể Thao & Dã Ngoại/Quần Thể Thao,Nữ
ps_product_global_attribute.100022101313-Thể Thao & Dã Ngoại/Thời Trang Thể Thao & Dã Ngoại/Quần Thể Thao,Nam
ps_product_global_attribute.100022101313-Thể Thao & Dã Ngoại/Thời Trang Thể Thao & Dã Ngoại/Quần Thể Thao,Unisex
ps_product_global_attribute.100161101313-Thể Thao & Dã Ngoại/Thời Trang Thể Thao & Dã Ngoại/Quần Thể Thao,Không
ps_product_global_attribute.100161101313-Thể Thao & Dã Ngoại/Thời Trang Thể Thao & Dã Ngoại/Quần Thể Thao,Có
ps_product_global_attribute.100599101313-Thể Thao & Dã Ngoại/Thời Trang Thể Thao & Dã Ngoại/Quần Thể Thao,Không
ps_product_global_attribute.100599101313-Thể Thao & Dã Ngoại/Thời Trang Thể Thao & Dã Ngoại/Quần Thể Thao,Có
ps_product_global_attribute.101219101313-Thể Thao & Dã Ngoại/Thời Trang Thể Thao & Dã Ngoại/Quần Thể Thao,Đúng
ps_product_global_attribute.101219101313-Thể Thao & Dã Ngoại/Thời Trang Thể Thao & Dã Ngoại/Quần Thể Thao,Không
ps_product_global_attribute.101219101899-Thể Thao & Dã Ngoại/Thời Trang Thể Thao & Dã Ngoại/Đồ Bơi/Đồ Bơi Một Mảnh,Đúng
ps_product_global_attribute.101219101899-Thể Thao & Dã Ngoại/Thời Trang Thể Thao & Dã Ngoại/Đồ Bơi/Đồ Bơi Một Mảnh,Không
ps_product_global_attribute.101219101323-Thể Thao & Dã Ngoại/Phụ Kiện Thể Thao & Dã Ngoại/Túi Chống Thấm,Đúng
ps_product_global_attribute.101219101323-Thể Thao & Dã Ngoại/Phụ Kiện Thể Thao & Dã Ngoại/Túi Chống Thấm,Không
ps_product_global_attribute.101219101817-Thể Thao & Dã Ngoại/Dụng Cụ Thể Thao & Dã Ngoại/Câu Cá/Cần câu,Đúng
ps_product_global_attribute.101219101817-Thể Thao & Dã Ngoại/Dụng Cụ Thể Thao & Dã Ngoại/Câu Cá/Cần câu,Không
ps_product_global_attribute.101219101832-Thể Thao & Dã Ngoại/Dụng Cụ Thể Thao & Dã Ngoại/Cắm Trại & Dã ngoại/Ống Nhòm & Kính Thiên Văn,Đúng
ps_product_global_attribute.101219101832-Thể Thao & Dã Ngoại/Dụng Cụ Thể Thao & Dã Ngoại/Cắm Trại & Dã ngoại/Ống Nhòm & Kính Thiên Văn,Không
"ps_product_global_attribute.101219101847-Thể Thao & Dã Ngoại/Dụng Cụ Thể Thao & Dã Ngoại/Bóng Đá, Futsal & Cầu Mây/Bóng",Đúng
"ps_product_global_attribute.101219101847-Thể Thao & Dã Ngoại/Dụng Cụ Thể Thao & Dã Ngoại/Bóng Đá, Futsal & Cầu Mây/Bóng",Không
ps_product_global_attribute.101219101897-Thể Thao & Dã Ngoại/Thời Trang Thể Thao & Dã Ngoại/Đồ Bơi/Quần Bơi,Đúng
ps_product_global_attribute.101219101897-Thể Thao & Dã Ngoại/Thời Trang Thể Thao & Dã Ngoại/Đồ Bơi/Quần Bơi,Không
ps_product_global_attribute.101219101319-Thể Thao & Dã Ngoại/Phụ Kiện Thể Thao & Dã Ngoại/Túi Đựng Giày,Đúng
ps_product_global_attribute.101219101319-Thể Thao & Dã Ngoại/Phụ Kiện Thể Thao & Dã Ngoại/Túi Đựng Giày,Không
ps_product_global_attribute.101219101326-Thể Thao & Dã Ngoại/Phụ Kiện Thể Thao & Dã Ngoại/Dụng Cụ Bảo Vệ Miệng & Băng Keo Thể Thao,Đúng
ps_product_global_attribute.101219101326-Thể Thao & Dã Ngoại/Phụ Kiện Thể Thao & Dã Ngoại/Dụng Cụ Bảo Vệ Miệng & Băng Keo Thể Thao,Không
ps_product_global_attribute.100022101839-Thể Thao & Dã Ngoại/Dụng Cụ Thể Thao & Dã Ngoại/Thể Thao Ván Trượt/Ván Trượt & Giày Patin,Nữ
ps_product_global_attribute.100022101839-Thể Thao & Dã Ngoại/Dụng Cụ Thể Thao & Dã Ngoại/Thể Thao Ván Trượt/Ván Trượt & Giày Patin,Nam
ps_product_global_attribute.100022101839-Thể Thao & Dã Ngoại/Dụng Cụ Thể Thao & Dã Ngoại/Thể Thao Ván Trượt/Ván Trượt & Giày Patin,Unisex
ps_product_global_attribute.100577101839-Thể Thao & Dã Ngoại/Dụng Cụ Thể Thao & Dã Ngoại/Thể Thao Ván Trượt/Ván Trượt & Giày Patin,Trẻ em
ps_product_global_attribute.100577101839-Thể Thao & Dã Ngoại/Dụng Cụ Thể Thao & Dã Ngoại/Thể Thao Ván Trượt/Ván Trượt & Giày Patin,Người lớn
ps_product_global_attribute.101219101839-Thể Thao & Dã Ngoại/Dụng Cụ Thể Thao & Dã Ngoại/Thể Thao Ván Trượt/Ván Trượt & Giày Patin,Đúng
ps_product_global_attribute.101219101839-Thể Thao & Dã Ngoại/Dụng Cụ Thể Thao & Dã Ngoại/Thể Thao Ván Trượt/Ván Trượt & Giày Patin,Không
ps_product_global_attribute.100022101302-Thể Thao & Dã Ngoại/Giày Thể Thao/Giày Bóng Chuyền,Nữ
ps_product_global_attribute.100022101302-Thể Thao & Dã Ngoại/Giày Thể Thao/Giày Bóng Chuyền,Nam
ps_product_global_attribute.100022101302-Thể Thao & Dã Ngoại/Giày Thể Thao/Giày Bóng Chuyền,Unisex
ps_product_global_attribute.101219101302-Thể Thao & Dã Ngoại/Giày Thể Thao/Giày Bóng Chuyền,Đúng
ps_product_global_attribute.101219101302-Thể Thao & Dã Ngoại/Giày Thể Thao/Giày Bóng Chuyền,Không
ps_product_global_attribute.100022101304-Thể Thao & Dã Ngoại/Giày Thể Thao/Giày Futsal,Nữ
ps_product_global_attribute.100022101304-Thể Thao & Dã Ngoại/Giày Thể Thao/Giày Futsal,Nam
ps_product_global_attribute.100022101304-Thể Thao & Dã Ngoại/Giày Thể Thao/Giày Futsal,Unisex
ps_product_global_attribute.101219101304-Thể Thao & Dã Ngoại/Giày Thể Thao/Giày Futsal,Đúng
ps_product_global_attribute.101219101304-Thể Thao & Dã Ngoại/Giày Thể Thao/Giày Futsal,Không
ps_product_global_attribute.100022101311-Thể Thao & Dã Ngoại/Thời Trang Thể Thao & Dã Ngoại/Áo Thể Thao,Nữ
ps_product_global_attribute.100022101311-Thể Thao & Dã Ngoại/Thời Trang Thể Thao & Dã Ngoại/Áo Thể Thao,Nam
ps_product_global_attribute.100022101311-Thể Thao & Dã Ngoại/Thời Trang Thể Thao & Dã Ngoại/Áo Thể Thao,Unisex
ps_product_global_attribute.100161101311-Thể Thao & Dã Ngoại/Thời Trang Thể Thao & Dã Ngoại/Áo Thể Thao,Không
ps_product_global_attribute.100161101311-Thể Thao & Dã Ngoại/Thời Trang Thể Thao & Dã Ngoại/Áo Thể Thao,Có
ps_product_global_attribute.100599101311-Thể Thao & Dã Ngoại/Thời Trang Thể Thao & Dã Ngoại/Áo Thể Thao,Không
ps_product_global_attribute.100599101311-Thể Thao & Dã Ngoại/Thời Trang Thể Thao & Dã Ngoại/Áo Thể Thao,Có
ps_product_global_attribute.101219101311-Thể Thao & Dã Ngoại/Thời Trang Thể Thao & Dã Ngoại/Áo Thể Thao,Đúng
ps_product_global_attribute.101219101311-Thể Thao & Dã Ngoại/Thời Trang Thể Thao & Dã Ngoại/Áo Thể Thao,Không
ps_product_global_attribute.101219101853-Thể Thao & Dã Ngoại/Dụng Cụ Thể Thao & Dã Ngoại/Bóng Rổ/Vật Dụng Khác,Đúng
ps_product_global_attribute.101219101853-Thể Thao & Dã Ngoại/Dụng Cụ Thể Thao & Dã Ngoại/Bóng Rổ/Vật Dụng Khác,Không
ps_product_global_attribute.101219101863-Thể Thao & Dã Ngoại/Dụng Cụ Thể Thao & Dã Ngoại/Tennis/Lưới Tennis,Đúng
ps_product_global_attribute.101219101863-Thể Thao & Dã Ngoại/Dụng Cụ Thể Thao & Dã Ngoại/Tennis/Lưới Tennis,Không
ps_product_global_attribute.101219101297-Thể Thao & Dã Ngoại/Dụng Cụ Thể Thao & Dã Ngoại/Môn Thể Thao Khác,Đúng
ps_product_global_attribute.101219101297-Thể Thao & Dã Ngoại/Dụng Cụ Thể Thao & Dã Ngoại/Môn Thể Thao Khác,Không
ps_product_global_attribute.101219101820-Thể Thao & Dã Ngoại/Dụng Cụ Thể Thao & Dã Ngoại/Câu Cá/Mồi Câu,Đúng
ps_product_global_attribute.101219101820-Thể Thao & Dã Ngoại/Dụng Cụ Thể Thao & Dã Ngoại/Câu Cá/Mồi Câu,Không
ps_product_global_attribute.101219101841-Thể Thao & Dã Ngoại/Dụng Cụ Thể Thao & Dã Ngoại/Thể Thao Ván Trượt/Xe Điện Cân Bằng,Đúng
ps_product_global_attribute.101219101841-Thể Thao & Dã Ngoại/Dụng Cụ Thể Thao & Dã Ngoại/Thể Thao Ván Trượt/Xe Điện Cân Bằng,Không
ps_product_global_attribute.101219101877-Thể Thao & Dã Ngoại/Dụng Cụ Thể Thao & Dã Ngoại/Golf/Khác,Đúng
ps_product_global_attribute.101219101877-Thể Thao & Dã Ngoại/Dụng Cụ Thể Thao & Dã Ngoại/Golf/Khác,Không
ps_product_global_attribute.101219101289-Thể Thao & Dã Ngoại/Dụng Cụ Thể Thao & Dã Ngoại/Bida,Đúng
ps_product_global_attribute.101219101289-Thể Thao & Dã Ngoại/Dụng Cụ Thể Thao & Dã Ngoại/Bida,Không
ps_product_global_attribute.101219101888-Thể Thao & Dã Ngoại/Dụng Cụ Thể Thao & Dã Ngoại/Yoga & Pilates/Dây Đàn Hồi,Đúng
ps_product_global_attribute.101219101888-Thể Thao & Dã Ngoại/Dụng Cụ Thể Thao & Dã Ngoại/Yoga & Pilates/Dây Đàn Hồi,Không
ps_product_global_attribute.100022101310-Thể Thao & Dã Ngoại/Thời Trang Thể Thao & Dã Ngoại/Áo Khoác,Nữ
ps_product_global_attribute.100022101310-Thể Thao & Dã Ngoại/Thời Trang Thể Thao & Dã Ngoại/Áo Khoác,Nam
ps_product_global_attribute.100022101310-Thể Thao & Dã Ngoại/Thời Trang Thể Thao & Dã Ngoại/Áo Khoác,Unisex
ps_product_global_attribute.100161101310-Thể Thao & Dã Ngoại/Thời Trang Thể Thao & Dã Ngoại/Áo Khoác,Không
ps_product_global_attribute.100161101310-Thể Thao & Dã Ngoại/Thời Trang Thể Thao & Dã Ngoại/Áo Khoác,Có
ps_product_global_attribute.101219101310-Thể Thao & Dã Ngoại/Thời Trang Thể Thao & Dã Ngoại/Áo Khoác,Đúng
ps_product_global_attribute.101219101310-Thể Thao & Dã Ngoại/Thời Trang Thể Thao & Dã Ngoại/Áo Khoác,Không
ps_product_global_attribute.101219101868-Thể Thao & Dã Ngoại/Dụng Cụ Thể Thao & Dã Ngoại/Bóng Bàn/Khác,Đúng
ps_product_global_attribute.101219101868-Thể Thao & Dã Ngoại/Dụng Cụ Thể Thao & Dã Ngoại/Bóng Bàn/Khác,Không
ps_product_global_attribute.100022101306-Thể Thao & Dã Ngoại/Giày Thể Thao/Giày Bóng Đá,Nữ
ps_product_global_attribute.100022101306-Thể Thao & Dã Ngoại/Giày Thể Thao/Giày Bóng Đá,Nam
ps_product_global_attribute.100022101306-Thể Thao & Dã Ngoại/Giày Thể Thao/Giày Bóng Đá,Unisex
ps_product_global_attribute.101219101306-Thể Thao & Dã Ngoại/Giày Thể Thao/Giày Bóng Đá,Đúng
ps_product_global_attribute.101219101306-Thể Thao & Dã Ngoại/Giày Thể Thao/Giày Bóng Đá,Không
ps_product_global_attribute.101219101318-Thể Thao & Dã Ngoại/Phụ Kiện Thể Thao & Dã Ngoại/Đồng Hồ Bấm Giây & Máy Đếm Bước Chân,Đúng
ps_product_global_attribute.101219101318-Thể Thao & Dã Ngoại/Phụ Kiện Thể Thao & Dã Ngoại/Đồng Hồ Bấm Giây & Máy Đếm Bước Chân,Không
ps_product_global_attribute.101219101859-Thể Thao & Dã Ngoại/Dụng Cụ Thể Thao & Dã Ngoại/Cầu Lông/Lưới Cầu Lông,Đúng
ps_product_global_attribute.101219101859-Thể Thao & Dã Ngoại/Dụng Cụ Thể Thao & Dã Ngoại/Cầu Lông/Lưới Cầu Lông,Không
ps_product_global_attribute.101219101876-Thể Thao & Dã Ngoại/Dụng Cụ Thể Thao & Dã Ngoại/Golf/Túi Đựng Dụng Cụ Golf,Đúng
ps_product_global_attribute.101219101876-Thể Thao & Dã Ngoại/Dụng Cụ Thể Thao & Dã Ngoại/Golf/Túi Đựng Dụng Cụ Golf,Không
ps_product_global_attribute.101219101866-Thể Thao & Dã Ngoại/Dụng Cụ Thể Thao & Dã Ngoại/Bóng Bàn/Vợt Bóng Bàn,Đúng
ps_product_global_attribute.101219101866-Thể Thao & Dã Ngoại/Dụng Cụ Thể Thao & Dã Ngoại/Bóng Bàn/Vợt Bóng Bàn,Không
ps_product_global_attribute.101219101869-Thể Thao & Dã Ngoại/Dụng Cụ Thể Thao & Dã Ngoại/Đấm bốc & Võ Tổng Hợp/Bao Cát & Đệm,Đúng
ps_product_global_attribute.101219101869-Thể Thao & Dã Ngoại/Dụng Cụ Thể Thao & Dã Ngoại/Đấm bốc & Võ Tổng Hợp/Bao Cát & Đệm,Không
ps_product_global_attribute.101219101818-Thể Thao & Dã Ngoại/Dụng Cụ Thể Thao & Dã Ngoại/Câu Cá/Máy Dò Tìm Cá,Đúng
ps_product_global_attribute.101219101818-Thể Thao & Dã Ngoại/Dụng Cụ Thể Thao & Dã Ngoại/Câu Cá/Máy Dò Tìm Cá,Không
ps_product_global_attribute.101219101822-Thể Thao & Dã Ngoại/Dụng Cụ Thể Thao & Dã Ngoại/Câu Cá/Lưới Bắt Cá,Đúng
ps_product_global_attribute.101219101822-Thể Thao & Dã Ngoại/Dụng Cụ Thể Thao & Dã Ngoại/Câu Cá/Lưới Bắt Cá,Không
ps_product_global_attribute.101219101843-Thể Thao & Dã Ngoại/Dụng Cụ Thể Thao & Dã Ngoại/Thể Thao Ván Trượt/Khác,Đúng
ps_product_global_attribute.101219101843-Thể Thao & Dã Ngoại/Dụng Cụ Thể Thao & Dã Ngoại/Thể Thao Ván Trượt/Khác,Không
ps_product_global_attribute.100577101861-Thể Thao & Dã Ngoại/Dụng Cụ Thể Thao & Dã Ngoại/Tennis/Vợt Tennis,Trẻ em
ps_product_global_attribute.100577101861-Thể Thao & Dã Ngoại/Dụng Cụ Thể Thao & Dã Ngoại/Tennis/Vợt Tennis,Người lớn
ps_product_global_attribute.100649101861-Thể Thao & Dã Ngoại/Dụng Cụ Thể Thao & Dã Ngoại/Tennis/Vợt Tennis,Căng
ps_product_global_attribute.100649101861-Thể Thao & Dã Ngoại/Dụng Cụ Thể Thao & Dã Ngoại/Tennis/Vợt Tennis,Không căng
ps_product_global_attribute.101219101861-Thể Thao & Dã Ngoại/Dụng Cụ Thể Thao & Dã Ngoại/Tennis/Vợt Tennis,Đúng
ps_product_global_attribute.101219101861-Thể Thao & Dã Ngoại/Dụng Cụ Thể Thao & Dã Ngoại/Tennis/Vợt Tennis,Không
ps_product_global_attribute.101219101886-Thể Thao & Dã Ngoại/Dụng Cụ Thể Thao & Dã Ngoại/Yoga & Pilates/Thảm Yoga,Đúng
ps_product_global_attribute.101219101886-Thể Thao & Dã Ngoại/Dụng Cụ Thể Thao & Dã Ngoại/Yoga & Pilates/Thảm Yoga,Không
ps_product_global_attribute.101219101891-Thể Thao & Dã Ngoại/Dụng Cụ Thể Thao & Dã Ngoại/Thiết Bị Thể Thao/Dây Nhảy,Đúng
ps_product_global_attribute.101219101891-Thể Thao & Dã Ngoại/Dụng Cụ Thể Thao & Dã Ngoại/Thiết Bị Thể Thao/Dây Nhảy,Không
ps_product_global_attribute.101219101896-Thể Thao & Dã Ngoại/Dụng Cụ Thể Thao & Dã Ngoại/Thiết Bị Thể Thao/Khác,Đúng
ps_product_global_attribute.101219101896-Thể Thao & Dã Ngoại/Dụng Cụ Thể Thao & Dã Ngoại/Thiết Bị Thể Thao/Khác,Không
ps_product_global_attribute.100161101315-Thể Thao & Dã Ngoại/Thời Trang Thể Thao & Dã Ngoại/Áo Lót Thể Thao,Không
ps_product_global_attribute.100161101315-Thể Thao & Dã Ngoại/Thời Trang Thể Thao & Dã Ngoại/Áo Lót Thể Thao,Có
ps_product_global_attribute.101219101315-Thể Thao & Dã Ngoại/Thời Trang Thể Thao & Dã Ngoại/Áo Lót Thể Thao,Đúng
ps_product_global_attribute.101219101315-Thể Thao & Dã Ngoại/Thời Trang Thể Thao & Dã Ngoại/Áo Lót Thể Thao,Không
ps_product_global_attribute.101219101320-Thể Thao & Dã Ngoại/Phụ Kiện Thể Thao & Dã Ngoại/Vòng Tay Thể Thao,Đúng
ps_product_global_attribute.101219101320-Thể Thao & Dã Ngoại/Phụ Kiện Thể Thao & Dã Ngoại/Vòng Tay Thể Thao,Không
ps_product_global_attribute.101219101321-Thể Thao & Dã Ngoại/Phụ Kiện Thể Thao & Dã Ngoại/Băng Đô Thể Thao,Đúng
ps_product_global_attribute.101219101321-Thể Thao & Dã Ngoại/Phụ Kiện Thể Thao & Dã Ngoại/Băng Đô Thể Thao,Không
ps_product_global_attribute.101219101873-Thể Thao & Dã Ngoại/Dụng Cụ Thể Thao & Dã Ngoại/Golf/Bóng Golf,Đúng
ps_product_global_attribute.101219101873-Thể Thao & Dã Ngoại/Dụng Cụ Thể Thao & Dã Ngoại/Golf/Bóng Golf,Không
ps_product_global_attribute.101219101874-Thể Thao & Dã Ngoại/Dụng Cụ Thể Thao & Dã Ngoại/Golf/Gậy Golf,Đúng
ps_product_global_attribute.101219101874-Thể Thao & Dã Ngoại/Dụng Cụ Thể Thao & Dã Ngoại/Golf/Gậy Golf,Không
ps_product_global_attribute.101219101291-Thể Thao & Dã Ngoại/Dụng Cụ Thể Thao & Dã Ngoại/Trượt Tuyết & Thể Thao Mùa Đông,Đúng
ps_product_global_attribute.101219101291-Thể Thao & Dã Ngoại/Dụng Cụ Thể Thao & Dã Ngoại/Trượt Tuyết & Thể Thao Mùa Đông,Không
ps_product_global_attribute.101219101296-Thể Thao & Dã Ngoại/Dụng Cụ Thể Thao & Dã Ngoại/Ném Phi Tiêu,Đúng
ps_product_global_attribute.101219101296-Thể Thao & Dã Ngoại/Dụng Cụ Thể Thao & Dã Ngoại/Ném Phi Tiêu,Không
ps_product_global_attribute.100022101322-Thể Thao & Dã Ngoại/Phụ Kiện Thể Thao & Dã Ngoại/Mũ Thể Thao & Dã Ngoại,Nữ
ps_product_global_attribute.100022101322-Thể Thao & Dã Ngoại/Phụ Kiện Thể Thao & Dã Ngoại/Mũ Thể Thao & Dã Ngoại,Nam
ps_product_global_attribute.100022101322-Thể Thao & Dã Ngoại/Phụ Kiện Thể Thao & Dã Ngoại/Mũ Thể Thao & Dã Ngoại,Unisex
ps_product_global_attribute.101219101322-Thể Thao & Dã Ngoại/Phụ Kiện Thể Thao & Dã Ngoại/Mũ Thể Thao & Dã Ngoại,Đúng
ps_product_global_attribute.101219101322-Thể Thao & Dã Ngoại/Phụ Kiện Thể Thao & Dã Ngoại/Mũ Thể Thao & Dã Ngoại,Không
ps_product_global_attribute.101219101830-Thể Thao & Dã Ngoại/Dụng Cụ Thể Thao & Dã Ngoại/Cắm Trại & Dã ngoại/Lều & Phụ Kiện,Đúng
ps_product_global_attribute.101219101830-Thể Thao & Dã Ngoại/Dụng Cụ Thể Thao & Dã Ngoại/Cắm Trại & Dã ngoại/Lều & Phụ Kiện,Không
"ps_product_global_attribute.101219101871-Thể Thao & Dã Ngoại/Dụng Cụ Thể Thao & Dã Ngoại/Đấm bốc & Võ Tổng Hợp/Găng Tay, Bao Tay & Mũ Bảo Hộ",Đúng
"ps_product_global_attribute.101219101871-Thể Thao & Dã Ngoại/Dụng Cụ Thể Thao & Dã Ngoại/Đấm bốc & Võ Tổng Hợp/Găng Tay, Bao Tay & Mũ Bảo Hộ",Không
ps_product_global_attribute.101219101288-Thể Thao & Dã Ngoại/Dụng Cụ Thể Thao & Dã Ngoại/Bóng Bầu Dục,Đúng
ps_product_global_attribute.101219101288-Thể Thao & Dã Ngoại/Dụng Cụ Thể Thao & Dã Ngoại/Bóng Bầu Dục,Không
ps_product_global_attribute.101219101855-Thể Thao & Dã Ngoại/Dụng Cụ Thể Thao & Dã Ngoại/Bóng Chuyền/Lưới Bóng Chuyền,Đúng
ps_product_global_attribute.101219101855-Thể Thao & Dã Ngoại/Dụng Cụ Thể Thao & Dã Ngoại/Bóng Chuyền/Lưới Bóng Chuyền,Không
ps_product_global_attribute.101219101884-Thể Thao & Dã Ngoại/Dụng Cụ Thể Thao & Dã Ngoại/Bơi Lội & Lặn/Áo Phao,Đúng
ps_product_global_attribute.101219101884-Thể Thao & Dã Ngoại/Dụng Cụ Thể Thao & Dã Ngoại/Bơi Lội & Lặn/Áo Phao,Không
ps_product_global_attribute.101219100729-Thể Thao & Dã Ngoại/Khác,Đúng
ps_product_global_attribute.101219100729-Thể Thao & Dã Ngoại/Khác,Không
ps_product_global_attribute.101219101893-Thể Thao & Dã Ngoại/Dụng Cụ Thể Thao & Dã Ngoại/Thiết Bị Thể Thao/Máy Tập,Đúng
ps_product_global_attribute.101219101893-Thể Thao & Dã Ngoại/Dụng Cụ Thể Thao & Dã Ngoại/Thiết Bị Thể Thao/Máy Tập,Không
ps_product_global_attribute.101219101829-Thể Thao & Dã Ngoại/Dụng Cụ Thể Thao & Dã Ngoại/Cắm Trại & Dã ngoại/Đèn & Đèn Pin,Đúng
ps_product_global_attribute.101219101829-Thể Thao & Dã Ngoại/Dụng Cụ Thể Thao & Dã Ngoại/Cắm Trại & Dã ngoại/Đèn & Đèn Pin,Không
ps_product_global_attribute.101219101862-Thể Thao & Dã Ngoại/Dụng Cụ Thể Thao & Dã Ngoại/Tennis/Banh Tennis,Đúng
ps_product_global_attribute.101219101862-Thể Thao & Dã Ngoại/Dụng Cụ Thể Thao & Dã Ngoại/Tennis/Banh Tennis,Không
ps_product_global_attribute.101219101889-Thể Thao & Dã Ngoại/Dụng Cụ Thể Thao & Dã Ngoại/Yoga & Pilates/Khác,Đúng
ps_product_global_attribute.101219101889-Thể Thao & Dã Ngoại/Dụng Cụ Thể Thao & Dã Ngoại/Yoga & Pilates/Khác,Không
ps_product_global_attribute.100022101299-Thể Thao & Dã Ngoại/Giày Thể Thao/Giày Chạy Bộ,Nữ
ps_product_global_attribute.100022101299-Thể Thao & Dã Ngoại/Giày Thể Thao/Giày Chạy Bộ,Nam
ps_product_global_attribute.100022101299-Thể Thao & Dã Ngoại/Giày Thể Thao/Giày Chạy Bộ,Unisex
ps_product_global_attribute.101219101299-Thể Thao & Dã Ngoại/Giày Thể Thao/Giày Chạy Bộ,Đúng
ps_product_global_attribute.101219101299-Thể Thao & Dã Ngoại/Giày Thể Thao/Giày Chạy Bộ,Không
ps_product_global_attribute.100022101317-Thể Thao & Dã Ngoại/Thời Trang Thể Thao & Dã Ngoại/Khác,Nữ
ps_product_global_attribute.100022101317-Thể Thao & Dã Ngoại/Thời Trang Thể Thao & Dã Ngoại/Khác,Nam
ps_product_global_attribute.100022101317-Thể Thao & Dã Ngoại/Thời Trang Thể Thao & Dã Ngoại/Khác,Unisex
ps_product_global_attribute.100161101317-Thể Thao & Dã Ngoại/Thời Trang Thể Thao & Dã Ngoại/Khác,Không
ps_product_global_attribute.100161101317-Thể Thao & Dã Ngoại/Thời Trang Thể Thao & Dã Ngoại/Khác,Có
ps_product_global_attribute.101219101317-Thể Thao & Dã Ngoại/Thời Trang Thể Thao & Dã Ngoại/Khác,Đúng
ps_product_global_attribute.101219101317-Thể Thao & Dã Ngoại/Thời Trang Thể Thao & Dã Ngoại/Khác,Không
ps_product_global_attribute.101219101825-Thể Thao & Dã Ngoại/Dụng Cụ Thể Thao & Dã Ngoại/Đạp Xe/Phụ Tùng & Phụ Kiện Xe Đạp,Đúng
ps_product_global_attribute.101219101825-Thể Thao & Dã Ngoại/Dụng Cụ Thể Thao & Dã Ngoại/Đạp Xe/Phụ Tùng & Phụ Kiện Xe Đạp,Không
ps_product_global_attribute.101219101834-Thể Thao & Dã Ngoại/Dụng Cụ Thể Thao & Dã Ngoại/Cắm Trại & Dã ngoại/Dao & Bộ Dụng Cụ Cắm Trại,Đúng
ps_product_global_attribute.101219101834-Thể Thao & Dã Ngoại/Dụng Cụ Thể Thao & Dã Ngoại/Cắm Trại & Dã ngoại/Dao & Bộ Dụng Cụ Cắm Trại,Không
ps_product_global_attribute.100577101840-Thể Thao & Dã Ngoại/Dụng Cụ Thể Thao & Dã Ngoại/Thể Thao Ván Trượt/Scooters & Xe Đạp 1 Bánh,Trẻ em
ps_product_global_attribute.100577101840-Thể Thao & Dã Ngoại/Dụng Cụ Thể Thao & Dã Ngoại/Thể Thao Ván Trượt/Scooters & Xe Đạp 1 Bánh,Người lớn
ps_product_global_attribute.101219101840-Thể Thao & Dã Ngoại/Dụng Cụ Thể Thao & Dã Ngoại/Thể Thao Ván Trượt/Scooters & Xe Đạp 1 Bánh,Đúng
ps_product_global_attribute.101219101840-Thể Thao & Dã Ngoại/Dụng Cụ Thể Thao & Dã Ngoại/Thể Thao Ván Trượt/Scooters & Xe Đạp 1 Bánh,Không
"ps_product_global_attribute.100577101848-Thể Thao & Dã Ngoại/Dụng Cụ Thể Thao & Dã Ngoại/Bóng Đá, Futsal & Cầu Mây/Găng Tay & Ống Đồng",Trẻ em
"ps_product_global_attribute.100577101848-Thể Thao & Dã Ngoại/Dụng Cụ Thể Thao & Dã Ngoại/Bóng Đá, Futsal & Cầu Mây/Găng Tay & Ống Đồng",Người lớn
"ps_product_global_attribute.101219101848-Thể Thao & Dã Ngoại/Dụng Cụ Thể Thao & Dã Ngoại/Bóng Đá, Futsal & Cầu Mây/Găng Tay & Ống Đồng",Đúng
"ps_product_global_attribute.101219101848-Thể Thao & Dã Ngoại/Dụng Cụ Thể Thao & Dã Ngoại/Bóng Đá, Futsal & Cầu Mây/Găng Tay & Ống Đồng",Không
ps_product_global_attribute.101219101880-Thể Thao & Dã Ngoại/Dụng Cụ Thể Thao & Dã Ngoại/Bơi Lội & Lặn/Ván Tập Bơi,Đúng
ps_product_global_attribute.101219101880-Thể Thao & Dã Ngoại/Dụng Cụ Thể Thao & Dã Ngoại/Bơi Lội & Lặn/Ván Tập Bơi,Không
ps_product_global_attribute.101219101293-Thể Thao & Dã Ngoại/Dụng Cụ Thể Thao & Dã Ngoại/Chèo Thuyền,Đúng
ps_product_global_attribute.101219101293-Thể Thao & Dã Ngoại/Dụng Cụ Thể Thao & Dã Ngoại/Chèo Thuyền,Không
ps_product_global_attribute.101219101819-Thể Thao & Dã Ngoại/Dụng Cụ Thể Thao & Dã Ngoại/Câu Cá/Dây Câu,Đúng
ps_product_global_attribute.101219101819-Thể Thao & Dã Ngoại/Dụng Cụ Thể Thao & Dã Ngoại/Câu Cá/Dây Câu,Không
ps_product_global_attribute.101219101835-Thể Thao & Dã Ngoại/Dụng Cụ Thể Thao & Dã Ngoại/Cắm Trại & Dã ngoại/Võng,Đúng
ps_product_global_attribute.101219101835-Thể Thao & Dã Ngoại/Dụng Cụ Thể Thao & Dã Ngoại/Cắm Trại & Dã ngoại/Võng,Không
ps_product_global_attribute.101219101894-Thể Thao & Dã Ngoại/Dụng Cụ Thể Thao & Dã Ngoại/Thiết Bị Thể Thao/Con Lăn Tập Bụng,Đúng
ps_product_global_attribute.101219101894-Thể Thao & Dã Ngoại/Dụng Cụ Thể Thao & Dã Ngoại/Thiết Bị Thể Thao/Con Lăn Tập Bụng,Không
ps_product_global_attribute.100022101305-Thể Thao & Dã Ngoại/Giày Thể Thao/Giày Dã Ngoại,Nữ
ps_product_global_attribute.100022101305-Thể Thao & Dã Ngoại/Giày Thể Thao/Giày Dã Ngoại,Nam
ps_product_global_attribute.100022101305-Thể Thao & Dã Ngoại/Giày Thể Thao/Giày Dã Ngoại,Unisex
ps_product_global_attribute.101219101305-Thể Thao & Dã Ngoại/Giày Thể Thao/Giày Dã Ngoại,Đúng
ps_product_global_attribute.101219101305-Thể Thao & Dã Ngoại/Giày Thể Thao/Giày Dã Ngoại,Không
ps_product_global_attribute.101219101823-Thể Thao & Dã Ngoại/Dụng Cụ Thể Thao & Dã Ngoại/Câu Cá/Khác,Đúng
ps_product_global_attribute.101219101823-Thể Thao & Dã Ngoại/Dụng Cụ Thể Thao & Dã Ngoại/Câu Cá/Khác,Không
ps_product_global_attribute.100577101826-Thể Thao & Dã Ngoại/Dụng Cụ Thể Thao & Dã Ngoại/Đạp Xe/Mũ Bảo Hiểm Xe Đạp,Trẻ em
ps_product_global_attribute.100577101826-Thể Thao & Dã Ngoại/Dụng Cụ Thể Thao & Dã Ngoại/Đạp Xe/Mũ Bảo Hiểm Xe Đạp,Người lớn
ps_product_global_attribute.101219101826-Thể Thao & Dã Ngoại/Dụng Cụ Thể Thao & Dã Ngoại/Đạp Xe/Mũ Bảo Hiểm Xe Đạp,Đúng
ps_product_global_attribute.101219101826-Thể Thao & Dã Ngoại/Dụng Cụ Thể Thao & Dã Ngoại/Đạp Xe/Mũ Bảo Hiểm Xe Đạp,Không
ps_product_global_attribute.101219101290-Thể Thao & Dã Ngoại/Dụng Cụ Thể Thao & Dã Ngoại/Lướt Ván,Đúng
ps_product_global_attribute.101219101290-Thể Thao & Dã Ngoại/Dụng Cụ Thể Thao & Dã Ngoại/Lướt Ván,Không
ps_product_global_attribute.101219101816-Thể Thao & Dã Ngoại/Dụng Cụ Thể Thao & Dã Ngoại/Câu Cá/Lưỡi Câu,Đúng
ps_product_global_attribute.101219101816-Thể Thao & Dã Ngoại/Dụng Cụ Thể Thao & Dã Ngoại/Câu Cá/Lưỡi Câu,Không
ps_product_global_attribute.101219101860-Thể Thao & Dã Ngoại/Dụng Cụ Thể Thao & Dã Ngoại/Cầu Lông/Khác,Đúng
ps_product_global_attribute.101219101860-Thể Thao & Dã Ngoại/Dụng Cụ Thể Thao & Dã Ngoại/Cầu Lông/Khác,Không
ps_product_global_attribute.100022101298-Thể Thao & Dã Ngoại/Giày Thể Thao/Giày Bóng Rổ,Nữ
ps_product_global_attribute.100022101298-Thể Thao & Dã Ngoại/Giày Thể Thao/Giày Bóng Rổ,Nam
ps_product_global_attribute.100022101298-Thể Thao & Dã Ngoại/Giày Thể Thao/Giày Bóng Rổ,Unisex
ps_product_global_attribute.101219101298-Thể Thao & Dã Ngoại/Giày Thể Thao/Giày Bóng Rổ,Đúng
ps_product_global_attribute.101219101298-Thể Thao & Dã Ngoại/Giày Thể Thao/Giày Bóng Rổ,Không
ps_product_global_attribute.100626101831-Thể Thao & Dã Ngoại/Dụng Cụ Thể Thao & Dã Ngoại/Cắm Trại & Dã ngoại/Túi Ngủ,16°C - 25°C
ps_product_global_attribute.100626101831-Thể Thao & Dã Ngoại/Dụng Cụ Thể Thao & Dã Ngoại/Cắm Trại & Dã ngoại/Túi Ngủ,> 25°C
ps_product_global_attribute.100626101831-Thể Thao & Dã Ngoại/Dụng Cụ Thể Thao & Dã Ngoại/Cắm Trại & Dã ngoại/Túi Ngủ,< 5°C
ps_product_global_attribute.100626101831-Thể Thao & Dã Ngoại/Dụng Cụ Thể Thao & Dã Ngoại/Cắm Trại & Dã ngoại/Túi Ngủ,5°C -15°C
ps_product_global_attribute.101219101831-Thể Thao & Dã Ngoại/Dụng Cụ Thể Thao & Dã Ngoại/Cắm Trại & Dã ngoại/Túi Ngủ,Đúng
ps_product_global_attribute.101219101831-Thể Thao & Dã Ngoại/Dụng Cụ Thể Thao & Dã Ngoại/Cắm Trại & Dã ngoại/Túi Ngủ,Không
ps_product_global_attribute.100577101857-Thể Thao & Dã Ngoại/Dụng Cụ Thể Thao & Dã Ngoại/Cầu Lông/Vợt Cầu Lông,Trẻ em
ps_product_global_attribute.100577101857-Thể Thao & Dã Ngoại/Dụng Cụ Thể Thao & Dã Ngoại/Cầu Lông/Vợt Cầu Lông,Người lớn
ps_product_global_attribute.100649101857-Thể Thao & Dã Ngoại/Dụng Cụ Thể Thao & Dã Ngoại/Cầu Lông/Vợt Cầu Lông,Căng
ps_product_global_attribute.100649101857-Thể Thao & Dã Ngoại/Dụng Cụ Thể Thao & Dã Ngoại/Cầu Lông/Vợt Cầu Lông,Không căng
ps_product_global_attribute.101219101857-Thể Thao & Dã Ngoại/Dụng Cụ Thể Thao & Dã Ngoại/Cầu Lông/Vợt Cầu Lông,Đúng
ps_product_global_attribute.101219101857-Thể Thao & Dã Ngoại/Dụng Cụ Thể Thao & Dã Ngoại/Cầu Lông/Vợt Cầu Lông,Không
ps_product_global_attribute.101219101870-Thể Thao & Dã Ngoại/Dụng Cụ Thể Thao & Dã Ngoại/Đấm bốc & Võ Tổng Hợp/Đai Võ,Đúng
ps_product_global_attribute.101219101870-Thể Thao & Dã Ngoại/Dụng Cụ Thể Thao & Dã Ngoại/Đấm bốc & Võ Tổng Hợp/Đai Võ,Không
ps_product_global_attribute.101219101885-Thể Thao & Dã Ngoại/Dụng Cụ Thể Thao & Dã Ngoại/Bơi Lội & Lặn/Khác,Đúng
ps_product_global_attribute.101219101885-Thể Thao & Dã Ngoại/Dụng Cụ Thể Thao & Dã Ngoại/Bơi Lội & Lặn/Khác,Không
ps_product_global_attribute.100022101901-Thể Thao & Dã Ngoại/Thời Trang Thể Thao & Dã Ngoại/Đồ Bơi/Đồ Bơi Khác,Nữ
ps_product_global_attribute.100022101901-Thể Thao & Dã Ngoại/Thời Trang Thể Thao & Dã Ngoại/Đồ Bơi/Đồ Bơi Khác,Nam
ps_product_global_attribute.100022101901-Thể Thao & Dã Ngoại/Thời Trang Thể Thao & Dã Ngoại/Đồ Bơi/Đồ Bơi Khác,Unisex
ps_product_global_attribute.101219101901-Thể Thao & Dã Ngoại/Thời Trang Thể Thao & Dã Ngoại/Đồ Bơi/Đồ Bơi Khác,Đúng
ps_product_global_attribute.101219101901-Thể Thao & Dã Ngoại/Thời Trang Thể Thao & Dã Ngoại/Đồ Bơi/Đồ Bơi Khác,Không
ps_product_global_attribute.101219101875-Thể Thao & Dã Ngoại/Dụng Cụ Thể Thao & Dã Ngoại/Golf/Đồ Bảo Hộ & Luyện Tập,Đúng
ps_product_global_attribute.101219101875-Thể Thao & Dã Ngoại/Dụng Cụ Thể Thao & Dã Ngoại/Golf/Đồ Bảo Hộ & Luyện Tập,Không
ps_product_global_attribute.101219101895-Thể Thao & Dã Ngoại/Dụng Cụ Thể Thao & Dã Ngoại/Thiết Bị Thể Thao/Xà & Dụng Cụ Chống Đẩy,Đúng
ps_product_global_attribute.101219101895-Thể Thao & Dã Ngoại/Dụng Cụ Thể Thao & Dã Ngoại/Thiết Bị Thể Thao/Xà & Dụng Cụ Chống Đẩy,Không
ps_product_global_attribute.100022101301-Thể Thao & Dã Ngoại/Giày Thể Thao/Giày Tennis,Nữ
ps_product_global_attribute.100022101301-Thể Thao & Dã Ngoại/Giày Thể Thao/Giày Tennis,Nam
ps_product_global_attribute.100022101301-Thể Thao & Dã Ngoại/Giày Thể Thao/Giày Tennis,Unisex
ps_product_global_attribute.101219101301-Thể Thao & Dã Ngoại/Giày Thể Thao/Giày Tennis,Đúng
ps_product_global_attribute.101219101301-Thể Thao & Dã Ngoại/Giày Thể Thao/Giày Tennis,Không
ps_product_global_attribute.101219101828-Thể Thao & Dã Ngoại/Dụng Cụ Thể Thao & Dã Ngoại/Cắm Trại & Dã ngoại/Dụng Cụ Nấu Ăn Dã Ngoại,Đúng
ps_product_global_attribute.101219101828-Thể Thao & Dã Ngoại/Dụng Cụ Thể Thao & Dã Ngoại/Cắm Trại & Dã ngoại/Dụng Cụ Nấu Ăn Dã Ngoại,Không
ps_product_global_attribute.101219101836-Thể Thao & Dã Ngoại/Dụng Cụ Thể Thao & Dã Ngoại/Cắm Trại & Dã ngoại/Gậy Đi Bộ,Đúng
ps_product_global_attribute.101219101836-Thể Thao & Dã Ngoại/Dụng Cụ Thể Thao & Dã Ngoại/Cắm Trại & Dã ngoại/Gậy Đi Bộ,Không
"ps_product_global_attribute.101219101850-Thể Thao & Dã Ngoại/Dụng Cụ Thể Thao & Dã Ngoại/Bóng Đá, Futsal & Cầu Mây/Khác",Đúng
"ps_product_global_attribute.101219101850-Thể Thao & Dã Ngoại/Dụng Cụ Thể Thao & Dã Ngoại/Bóng Đá, Futsal & Cầu Mây/Khác",Không
ps_product_global_attribute.101219101851-Thể Thao & Dã Ngoại/Dụng Cụ Thể Thao & Dã Ngoại/Bóng Rổ/Banh Bóng Rổ,Đúng
ps_product_global_attribute.101219101851-Thể Thao & Dã Ngoại/Dụng Cụ Thể Thao & Dã Ngoại/Bóng Rổ/Banh Bóng Rổ,Không
ps_product_global_attribute.101219101882-Thể Thao & Dã Ngoại/Dụng Cụ Thể Thao & Dã Ngoại/Bơi Lội & Lặn/Mặt Nạ Lặn,Đúng
ps_product_global_attribute.101219101882-Thể Thao & Dã Ngoại/Dụng Cụ Thể Thao & Dã Ngoại/Bơi Lội & Lặn/Mặt Nạ Lặn,Không
ps_product_global_attribute.101219101887-Thể Thao & Dã Ngoại/Dụng Cụ Thể Thao & Dã Ngoại/Yoga & Pilates/Dụng Cụ Hỗ Trợ Yoga,Đúng
ps_product_global_attribute.101219101887-Thể Thao & Dã Ngoại/Dụng Cụ Thể Thao & Dã Ngoại/Yoga & Pilates/Dụng Cụ Hỗ Trợ Yoga,Không
ps_product_global_attribute.100022101308-Thể Thao & Dã Ngoại/Giày Thể Thao/Giày Thể Thao Khác,Nữ
ps_product_global_attribute.100022101308-Thể Thao & Dã Ngoại/Giày Thể Thao/Giày Thể Thao Khác,Nam
ps_product_global_attribute.100022101308-Thể Thao & Dã Ngoại/Giày Thể Thao/Giày Thể Thao Khác,Unisex
ps_product_global_attribute.101219101308-Thể Thao & Dã Ngoại/Giày Thể Thao/Giày Thể Thao Khác,Đúng
ps_product_global_attribute.101219101308-Thể Thao & Dã Ngoại/Giày Thể Thao/Giày Thể Thao Khác,Không
ps_product_global_attribute.100022101316-Thể Thao & Dã Ngoại/Thời Trang Thể Thao & Dã Ngoại/Thời Trang Thể Thao Trẻ Em,Nữ
ps_product_global_attribute.100022101316-Thể Thao & Dã Ngoại/Thời Trang Thể Thao & Dã Ngoại/Thời Trang Thể Thao Trẻ Em,Nam
ps_product_global_attribute.100022101316-Thể Thao & Dã Ngoại/Thời Trang Thể Thao & Dã Ngoại/Thời Trang Thể Thao Trẻ Em,Unisex
ps_product_global_attribute.100135101316-Thể Thao & Dã Ngoại/Thời Trang Thể Thao & Dã Ngoại/Thời Trang Thể Thao Trẻ Em,2 - 5 Years
ps_product_global_attribute.100135101316-Thể Thao & Dã Ngoại/Thời Trang Thể Thao & Dã Ngoại/Thời Trang Thể Thao Trẻ Em,6 - 10 Years
ps_product_global_attribute.100135101316-Thể Thao & Dã Ngoại/Thời Trang Thể Thao & Dã Ngoại/Thời Trang Thể Thao Trẻ Em,11 - 16 Years
ps_product_global_attribute.101219101316-Thể Thao & Dã Ngoại/Thời Trang Thể Thao & Dã Ngoại/Thời Trang Thể Thao Trẻ Em,Đúng
ps_product_global_attribute.101219101316-Thể Thao & Dã Ngoại/Thời Trang Thể Thao & Dã Ngoại/Thời Trang Thể Thao Trẻ Em,Không
ps_product_global_attribute.100161101324-Thể Thao & Dã Ngoại/Phụ Kiện Thể Thao & Dã Ngoại/Áo Mưa,Không
ps_product_global_attribute.100161101324-Thể Thao & Dã Ngoại/Phụ Kiện Thể Thao & Dã Ngoại/Áo Mưa,Có
ps_product_global_attribute.101004101324-Thể Thao & Dã Ngoại/Phụ Kiện Thể Thao & Dã Ngoại/Áo Mưa,Có
ps_product_global_attribute.101004101324-Thể Thao & Dã Ngoại/Phụ Kiện Thể Thao & Dã Ngoại/Áo Mưa,Không
ps_product_global_attribute.101219101324-Thể Thao & Dã Ngoại/Phụ Kiện Thể Thao & Dã Ngoại/Áo Mưa,Đúng
ps_product_global_attribute.101219101324-Thể Thao & Dã Ngoại/Phụ Kiện Thể Thao & Dã Ngoại/Áo Mưa,Không
ps_product_global_attribute.101219101328-Thể Thao & Dã Ngoại/Phụ Kiện Thể Thao & Dã Ngoại/Đồ Bảo Hộ Gym,Đúng
ps_product_global_attribute.101219101328-Thể Thao & Dã Ngoại/Phụ Kiện Thể Thao & Dã Ngoại/Đồ Bảo Hộ Gym,Không
ps_product_global_attribute.101219101837-Thể Thao & Dã Ngoại/Dụng Cụ Thể Thao & Dã Ngoại/Cắm Trại & Dã ngoại/Thảm & Giỏ Dã Ngoại,Đúng
ps_product_global_attribute.101219101837-Thể Thao & Dã Ngoại/Dụng Cụ Thể Thao & Dã Ngoại/Cắm Trại & Dã ngoại/Thảm & Giỏ Dã Ngoại,Không
ps_product_global_attribute.101219101274-Thể Thao & Dã Ngoại/Dụng Cụ Thể Thao & Dã Ngoại/Leo Núi,Đúng
ps_product_global_attribute.101219101274-Thể Thao & Dã Ngoại/Dụng Cụ Thể Thao & Dã Ngoại/Leo Núi,Không
ps_product_global_attribute.100577101842-Thể Thao & Dã Ngoại/Dụng Cụ Thể Thao & Dã Ngoại/Thể Thao Ván Trượt/Nón Bảo Hiểm & Đồ Bảo Hộ,Trẻ em
ps_product_global_attribute.100577101842-Thể Thao & Dã Ngoại/Dụng Cụ Thể Thao & Dã Ngoại/Thể Thao Ván Trượt/Nón Bảo Hiểm & Đồ Bảo Hộ,Người lớn
ps_product_global_attribute.101219101842-Thể Thao & Dã Ngoại/Dụng Cụ Thể Thao & Dã Ngoại/Thể Thao Ván Trượt/Nón Bảo Hiểm & Đồ Bảo Hộ,Đúng
ps_product_global_attribute.101219101842-Thể Thao & Dã Ngoại/Dụng Cụ Thể Thao & Dã Ngoại/Thể Thao Ván Trượt/Nón Bảo Hiểm & Đồ Bảo Hộ,Không
ps_product_global_attribute.101219101883-Thể Thao & Dã Ngoại/Dụng Cụ Thể Thao & Dã Ngoại/Bơi Lội & Lặn/Chân Vịt Lặn,Đúng
ps_product_global_attribute.101219101883-Thể Thao & Dã Ngoại/Dụng Cụ Thể Thao & Dã Ngoại/Bơi Lội & Lặn/Chân Vịt Lặn,Không
ps_product_global_attribute.100022101300-Thể Thao & Dã Ngoại/Giày Thể Thao/Giày Tập Luyện,Nữ
ps_product_global_attribute.100022101300-Thể Thao & Dã Ngoại/Giày Thể Thao/Giày Tập Luyện,Nam
ps_product_global_attribute.100022101300-Thể Thao & Dã Ngoại/Giày Thể Thao/Giày Tập Luyện,Unisex
ps_product_global_attribute.101219101300-Thể Thao & Dã Ngoại/Giày Thể Thao/Giày Tập Luyện,Đúng
ps_product_global_attribute.101219101300-Thể Thao & Dã Ngoại/Giày Thể Thao/Giày Tập Luyện,Không
ps_product_global_attribute.100577101824-Thể Thao & Dã Ngoại/Dụng Cụ Thể Thao & Dã Ngoại/Đạp Xe/Xe Đạp,Trẻ em
ps_product_global_attribute.100577101824-Thể Thao & Dã Ngoại/Dụng Cụ Thể Thao & Dã Ngoại/Đạp Xe/Xe Đạp,Người lớn
ps_product_global_attribute.101219101824-Thể Thao & Dã Ngoại/Dụng Cụ Thể Thao & Dã Ngoại/Đạp Xe/Xe Đạp,Đúng
ps_product_global_attribute.101219101824-Thể Thao & Dã Ngoại/Dụng Cụ Thể Thao & Dã Ngoại/Đạp Xe/Xe Đạp,Không
"ps_product_global_attribute.101219101849-Thể Thao & Dã Ngoại/Dụng Cụ Thể Thao & Dã Ngoại/Bóng Đá, Futsal & Cầu Mây/Khung Thành & Lưới",Đúng
"ps_product_global_attribute.101219101849-Thể Thao & Dã Ngoại/Dụng Cụ Thể Thao & Dã Ngoại/Bóng Đá, Futsal & Cầu Mây/Khung Thành & Lưới",Không
ps_product_global_attribute.101219101892-Thể Thao & Dã Ngoại/Dụng Cụ Thể Thao & Dã Ngoại/Thiết Bị Thể Thao/Bóng Tập Yoga & Gym,Đúng
ps_product_global_attribute.101219101892-Thể Thao & Dã Ngoại/Dụng Cụ Thể Thao & Dã Ngoại/Thiết Bị Thể Thao/Bóng Tập Yoga & Gym,Không
ps_product_global_attribute.100022101303-Thể Thao & Dã Ngoại/Giày Thể Thao/Giày Cầu Lông,Nữ
ps_product_global_attribute.100022101303-Thể Thao & Dã Ngoại/Giày Thể Thao/Giày Cầu Lông,Nam
ps_product_global_attribute.100022101303-Thể Thao & Dã Ngoại/Giày Thể Thao/Giày Cầu Lông,Unisex
ps_product_global_attribute.101219101303-Thể Thao & Dã Ngoại/Giày Thể Thao/Giày Cầu Lông,Đúng
ps_product_global_attribute.101219101303-Thể Thao & Dã Ngoại/Giày Thể Thao/Giày Cầu Lông,Không
ps_product_global_attribute.100022101900-Thể Thao & Dã Ngoại/Thời Trang Thể Thao & Dã Ngoại/Đồ Bơi/Áo Bơi Kín,Nữ
ps_product_global_attribute.100022101900-Thể Thao & Dã Ngoại/Thời Trang Thể Thao & Dã Ngoại/Đồ Bơi/Áo Bơi Kín,Nam
ps_product_global_attribute.100022101900-Thể Thao & Dã Ngoại/Thời Trang Thể Thao & Dã Ngoại/Đồ Bơi/Áo Bơi Kín,Unisex
ps_product_global_attribute.100161101900-Thể Thao & Dã Ngoại/Thời Trang Thể Thao & Dã Ngoại/Đồ Bơi/Áo Bơi Kín,Không
ps_product_global_attribute.100161101900-Thể Thao & Dã Ngoại/Thời Trang Thể Thao & Dã Ngoại/Đồ Bơi/Áo Bơi Kín,Có
ps_product_global_attribute.101219101900-Thể Thao & Dã Ngoại/Thời Trang Thể Thao & Dã Ngoại/Đồ Bơi/Áo Bơi Kín,Đúng
ps_product_global_attribute.101219101900-Thể Thao & Dã Ngoại/Thời Trang Thể Thao & Dã Ngoại/Đồ Bơi/Áo Bơi Kín,Không
ps_product_global_attribute.101219101858-Thể Thao & Dã Ngoại/Dụng Cụ Thể Thao & Dã Ngoại/Cầu Lông/Quả Cầu,Đúng
ps_product_global_attribute.101219101858-Thể Thao & Dã Ngoại/Dụng Cụ Thể Thao & Dã Ngoại/Cầu Lông/Quả Cầu,Không
ps_product_global_attribute.101219101872-Thể Thao & Dã Ngoại/Dụng Cụ Thể Thao & Dã Ngoại/Đấm bốc & Võ Tổng Hợp/Khác,Đúng
ps_product_global_attribute.101219101872-Thể Thao & Dã Ngoại/Dụng Cụ Thể Thao & Dã Ngoại/Đấm bốc & Võ Tổng Hợp/Khác,Không
ps_product_global_attribute.100577101879-Thể Thao & Dã Ngoại/Dụng Cụ Thể Thao & Dã Ngoại/Bơi Lội & Lặn/Kính Bơi,Trẻ em
ps_product_global_attribute.100577101879-Thể Thao & Dã Ngoại/Dụng Cụ Thể Thao & Dã Ngoại/Bơi Lội & Lặn/Kính Bơi,Người lớn
ps_product_global_attribute.101219101879-Thể Thao & Dã Ngoại/Dụng Cụ Thể Thao & Dã Ngoại/Bơi Lội & Lặn/Kính Bơi,Đúng
ps_product_global_attribute.101219101879-Thể Thao & Dã Ngoại/Dụng Cụ Thể Thao & Dã Ngoại/Bơi Lội & Lặn/Kính Bơi,Không
ps_product_global_attribute.101219101827-Thể Thao & Dã Ngoại/Dụng Cụ Thể Thao & Dã Ngoại/Đạp Xe/Khác,Đúng
ps_product_global_attribute.101219101827-Thể Thao & Dã Ngoại/Dụng Cụ Thể Thao & Dã Ngoại/Đạp Xe/Khác,Không
ps_product_global_attribute.101219101838-Thể Thao & Dã Ngoại/Dụng Cụ Thể Thao & Dã Ngoại/Cắm Trại & Dã ngoại/Khác,Đúng
ps_product_global_attribute.101219101838-Thể Thao & Dã Ngoại/Dụng Cụ Thể Thao & Dã Ngoại/Cắm Trại & Dã ngoại/Khác,Không
ps_product_global_attribute.101219101856-Thể Thao & Dã Ngoại/Dụng Cụ Thể Thao & Dã Ngoại/Bóng Chuyền/Khác,Đúng
ps_product_global_attribute.101219101856-Thể Thao & Dã Ngoại/Dụng Cụ Thể Thao & Dã Ngoại/Bóng Chuyền/Khác,Không
ps_product_global_attribute.101219101865-Thể Thao & Dã Ngoại/Dụng Cụ Thể Thao & Dã Ngoại/Bóng Bàn/Banh Bóng Bàn,Đúng
ps_product_global_attribute.101219101865-Thể Thao & Dã Ngoại/Dụng Cụ Thể Thao & Dã Ngoại/Bóng Bàn/Banh Bóng Bàn,Không
ps_product_global_attribute.100577101286-Thể Thao & Dã Ngoại/Dụng Cụ Thể Thao & Dã Ngoại/Bóng Quần,Trẻ em
ps_product_global_attribute.100577101286-Thể Thao & Dã Ngoại/Dụng Cụ Thể Thao & Dã Ngoại/Bóng Quần,Người lớn
ps_product_global_attribute.100649101286-Thể Thao & Dã Ngoại/Dụng Cụ Thể Thao & Dã Ngoại/Bóng Quần,Căng
ps_product_global_attribute.100649101286-Thể Thao & Dã Ngoại/Dụng Cụ Thể Thao & Dã Ngoại/Bóng Quần,Không căng
ps_product_global_attribute.101219101286-Thể Thao & Dã Ngoại/Dụng Cụ Thể Thao & Dã Ngoại/Bóng Quần,Đúng
ps_product_global_attribute.101219101286-Thể Thao & Dã Ngoại/Dụng Cụ Thể Thao & Dã Ngoại/Bóng Quần,Không
ps_product_global_attribute.101219101864-Thể Thao & Dã Ngoại/Dụng Cụ Thể Thao & Dã Ngoại/Tennis/Khác,Đúng
ps_product_global_attribute.101219101864-Thể Thao & Dã Ngoại/Dụng Cụ Thể Thao & Dã Ngoại/Tennis/Khác,Không
ps_product_global_attribute.101219101878-Thể Thao & Dã Ngoại/Dụng Cụ Thể Thao & Dã Ngoại/Bơi Lội & Lặn/Mũ Bơi,Đúng
ps_product_global_attribute.101219101878-Thể Thao & Dã Ngoại/Dụng Cụ Thể Thao & Dã Ngoại/Bơi Lội & Lặn/Mũ Bơi,Không
ps_product_global_attribute.100022101307-Thể Thao & Dã Ngoại/Giày Thể Thao/Giày Thể Thao Trẻ Em,Nữ
ps_product_global_attribute.100022101307-Thể Thao & Dã Ngoại/Giày Thể Thao/Giày Thể Thao Trẻ Em,Nam
ps_product_global_attribute.100022101307-Thể Thao & Dã Ngoại/Giày Thể Thao/Giày Thể Thao Trẻ Em,Unisex
ps_product_global_attribute.100135101307-Thể Thao & Dã Ngoại/Giày Thể Thao/Giày Thể Thao Trẻ Em,2 - 5 Years
ps_product_global_attribute.100135101307-Thể Thao & Dã Ngoại/Giày Thể Thao/Giày Thể Thao Trẻ Em,6 - 10 Years
ps_product_global_attribute.100135101307-Thể Thao & Dã Ngoại/Giày Thể Thao/Giày Thể Thao Trẻ Em,11 - 16 Years
ps_product_global_attribute.101219101307-Thể Thao & Dã Ngoại/Giày Thể Thao/Giày Thể Thao Trẻ Em,Đúng
ps_product_global_attribute.101219101307-Thể Thao & Dã Ngoại/Giày Thể Thao/Giày Thể Thao Trẻ Em,Không
ps_product_global_attribute.101219101854-Thể Thao & Dã Ngoại/Dụng Cụ Thể Thao & Dã Ngoại/Bóng Chuyền/Banh Bóng Chuyền,Đúng
ps_product_global_attribute.101219101854-Thể Thao & Dã Ngoại/Dụng Cụ Thể Thao & Dã Ngoại/Bóng Chuyền/Banh Bóng Chuyền,Không
ps_product_global_attribute.101219101898-Thể Thao & Dã Ngoại/Thời Trang Thể Thao & Dã Ngoại/Đồ Bơi/Bộ Bikini,Đúng
ps_product_global_attribute.101219101898-Thể Thao & Dã Ngoại/Thời Trang Thể Thao & Dã Ngoại/Đồ Bơi/Bộ Bikini,Không
ps_product_global_attribute.101219101325-Thể Thao & Dã Ngoại/Phụ Kiện Thể Thao & Dã Ngoại/Ô/Dù,Đúng
ps_product_global_attribute.101219101325-Thể Thao & Dã Ngoại/Phụ Kiện Thể Thao & Dã Ngoại/Ô/Dù,Không
ps_product_global_attribute.100022101329-Thể Thao & Dã Ngoại/Phụ Kiện Thể Thao & Dã Ngoại/Phụ Kiện Khác,Nữ
ps_product_global_attribute.100022101329-Thể Thao & Dã Ngoại/Phụ Kiện Thể Thao & Dã Ngoại/Phụ Kiện Khác,Nam
ps_product_global_attribute.100022101329-Thể Thao & Dã Ngoại/Phụ Kiện Thể Thao & Dã Ngoại/Phụ Kiện Khác,Unisex
ps_product_global_attribute.101219101329-Thể Thao & Dã Ngoại/Phụ Kiện Thể Thao & Dã Ngoại/Phụ Kiện Khác,Đúng
ps_product_global_attribute.101219101329-Thể Thao & Dã Ngoại/Phụ Kiện Thể Thao & Dã Ngoại/Phụ Kiện Khác,Không
ps_product_global_attribute.101219101852-Thể Thao & Dã Ngoại/Dụng Cụ Thể Thao & Dã Ngoại/Bóng Rổ/Khung Lưới Bóng Rổ,Đúng
ps_product_global_attribute.101219101852-Thể Thao & Dã Ngoại/Dụng Cụ Thể Thao & Dã Ngoại/Bóng Rổ/Khung Lưới Bóng Rổ,Không
ps_product_global_attribute.100577101285-Thể Thao & Dã Ngoại/Dụng Cụ Thể Thao & Dã Ngoại/Bóng Chày & Bóng Ném,Trẻ em
ps_product_global_attribute.100577101285-Thể Thao & Dã Ngoại/Dụng Cụ Thể Thao & Dã Ngoại/Bóng Chày & Bóng Ném,Người lớn
ps_product_global_attribute.101219101285-Thể Thao & Dã Ngoại/Dụng Cụ Thể Thao & Dã Ngoại/Bóng Chày & Bóng Ném,Đúng
ps_product_global_attribute.101219101285-Thể Thao & Dã Ngoại/Dụng Cụ Thể Thao & Dã Ngoại/Bóng Chày & Bóng Ném,Không
ps_product_global_attribute.100022101312-Thể Thao & Dã Ngoại/Thời Trang Thể Thao & Dã Ngoại/Áo CLB,Nữ
ps_product_global_attribute.100022101312-Thể Thao & Dã Ngoại/Thời Trang Thể Thao & Dã Ngoại/Áo CLB,Nam
ps_product_global_attribute.100022101312-Thể Thao & Dã Ngoại/Thời Trang Thể Thao & Dã Ngoại/Áo CLB,Unisex
ps_product_global_attribute.100161101312-Thể Thao & Dã Ngoại/Thời Trang Thể Thao & Dã Ngoại/Áo CLB,Không
ps_product_global_attribute.100161101312-Thể Thao & Dã Ngoại/Thời Trang Thể Thao & Dã Ngoại/Áo CLB,Có
ps_product_global_attribute.100599101312-Thể Thao & Dã Ngoại/Thời Trang Thể Thao & Dã Ngoại/Áo CLB,Không
ps_product_global_attribute.100599101312-Thể Thao & Dã Ngoại/Thời Trang Thể Thao & Dã Ngoại/Áo CLB,Có
ps_product_global_attribute.101219101312-Thể Thao & Dã Ngoại/Thời Trang Thể Thao & Dã Ngoại/Áo CLB,Đúng
ps_product_global_attribute.101219101312-Thể Thao & Dã Ngoại/Thời Trang Thể Thao & Dã Ngoại/Áo CLB,Không
ps_product_global_attribute.101219101327-Thể Thao & Dã Ngoại/Phụ Kiện Thể Thao & Dã Ngoại/Phụ Kiện Tập Luyện,Đúng
ps_product_global_attribute.101219101327-Thể Thao & Dã Ngoại/Phụ Kiện Thể Thao & Dã Ngoại/Phụ Kiện Tập Luyện,Không
ps_product_global_attribute.101219101890-Thể Thao & Dã Ngoại/Dụng Cụ Thể Thao & Dã Ngoại/Thiết Bị Thể Thao/Tạ Tập,Đúng
ps_product_global_attribute.101219101890-Thể Thao & Dã Ngoại/Dụng Cụ Thể Thao & Dã Ngoại/Thiết Bị Thể Thao/Tạ Tập,Không
ps_product_global_attribute.100022101309-Thể Thao & Dã Ngoại/Thời Trang Thể Thao & Dã Ngoại/Bộ Đồ Thể Thao,Nữ
ps_product_global_attribute.100022101309-Thể Thao & Dã Ngoại/Thời Trang Thể Thao & Dã Ngoại/Bộ Đồ Thể Thao,Nam
ps_product_global_attribute.100022101309-Thể Thao & Dã Ngoại/Thời Trang Thể Thao & Dã Ngoại/Bộ Đồ Thể Thao,Unisex
ps_product_global_attribute.100599101309-Thể Thao & Dã Ngoại/Thời Trang Thể Thao & Dã Ngoại/Bộ Đồ Thể Thao,Không
ps_product_global_attribute.100599101309-Thể Thao & Dã Ngoại/Thời Trang Thể Thao & Dã Ngoại/Bộ Đồ Thể Thao,Có
ps_product_global_attribute.101219101309-Thể Thao & Dã Ngoại/Thời Trang Thể Thao & Dã Ngoại/Bộ Đồ Thể Thao,Đúng
ps_product_global_attribute.101219101309-Thể Thao & Dã Ngoại/Thời Trang Thể Thao & Dã Ngoại/Bộ Đồ Thể Thao,Không