Thiết bị các môn thể thao bóng/Bóng đá,603041
Đồ thể thao & ngoài trời/Áo thể thao,603042
Thiết bị các môn thể thao bóng/Cầu lông,603065
Thiết bị giải trí ngoài trời & thư giãn/Yoga & Pilates,603084
Thiết bị thể thao dưới nước/Lướt ván,603131
Giày thể thao/Giày khiêu vũ,603171
Thiết bị các môn thể thao bóng/Tennis,603221
Thiết bị giải trí ngoài trời & thư giãn/Điền kinh trong sân vận động,603247
Thiết bị giải trí ngoài trời & thư giãn/Quyền anh & Võ thuật,603288
Thiết bị giải trí ngoài trời & thư giãn/Judo,603295
Thiết bị giải trí ngoài trời & thư giãn/Đấu vật,603301
Thiết bị giải trí ngoài trời & thư giãn/Taekwondo,603317
Thiết bị các môn thể thao bóng/Bida & Snooker,603331
Thiết bị tập thể hình/Vòng lắc eo,603353
Thiết bị tập thể hình/Tập bụng,603355
Thiết bị tập thể hình/Bóng tập gym,603358
Phụ kiện thể thao & ngoài trời/Máy đếm bước chân,603366
Thiết bị tập thể hình/Dây nhảy,603375
Thiết bị các môn thể thao bóng/Bóng bàn,603396
Thiết bị các môn thể thao bóng/Bóng chuyền,603437
Thiết bị giải trí ngoài trời & thư giãn/Cưỡi ngựa,603477
Thiết bị giải trí ngoài trời & thư giãn/Trượt ván,603493
Thiết bị các môn thể thao bóng/Bóng rổ,603524
Thiết bị các môn thể thao bóng/Golf,603573
Giày thể thao/Giày chơi gôn,603579
Thiết bị thể thao mùa đông/Khúc côn cầu trên băng,603625
Thiết bị các môn thể thao bóng/Bóng quần,603641
Thiết bị các môn thể thao bóng/Bowling,603646
Thiết bị các môn thể thao bóng/Bóng chày,603652
Phụ kiện thể thao & ngoài trời/Mũ thể thao & ngoài trời,603654
Phụ kiện thể thao & ngoài trời/Túi thể thao,603682
Đồ thể thao & ngoài trời/Quần jogger,603704
Đồ thể thao & ngoài trời/Bộ quần áo thể thao,603705
Đồ thể thao & ngoài trời/Đồ mặc ngoài theo phong cách thể thao & áo hoodie,603706
Đồ thể thao & ngoài trời/Áo lót thể thao,603729
Giày thể thao/Giày bóng chày,603744
Giày thể thao/Giày bóng rổ,603748
Giày thể thao/Giày bóng chuyền,603750
Giày thể thao/Giày chạy bộ,603751
Giày thể thao/Giày chơi tennis,603755
Giày thể thao/Giày cầu lông,603758
Giày thể thao/Giày bóng đá,603760
Thiết bị giải trí ngoài trời & thư giãn/Câu cá,603818
Thiết bị cắm trại & đi bộ đường dài/Dao & Bộ dụng cụ sinh tồn,603835
Giày thể thao/Giày đi bộ đường dài,603856
Phụ kiện thể thao & ngoài trời/Đồ bảo hộ,603872
Thiết bị cắm trại & đi bộ đường dài/Đồ dùng bếp cắm trại,603917
Thiết bị cắm trại & đi bộ đường dài/Võng,603952
Thiết bị cắm trại & đi bộ đường dài/Đèn cắm trại,603970
Thiết bị cắm trại & đi bộ đường dài/Túi ngủ & Bộ chăn ga gối đệm,604054
Thiết bị cắm trại & đi bộ đường dài/La bàn,604059
Thiết bị cắm trại & đi bộ đường dài/Ống nhòm & Kính thiên văn,604065
Thiết bị giải trí ngoài trời & thư giãn/Giải trí trong nhà,700740
Thiết bị thể thao mùa đông/Trượt tuyết,700779
Thiết bị thể thao dưới nước/Lặn,700781
Thiết bị cắm trại & đi bộ đường dài/Lều & Phụ kiện,700782
Đồ thể thao & ngoài trời/Đồ bơi trẻ em,804104
Thiết bị tập thể hình/Thiết bị tập thể hình dưới nước,810256
Thiết bị tập thể hình/Thiết bị tập luyện sự nhanh nhạy,810384
Phụ kiện thể thao & ngoài trời/Ống tay thể thao & hỗ trợ,810512
Phụ kiện thể thao & ngoài trời/Trang bị cho huấn luyện viên & trọng tài,810640
"Phụ kiện thể thao & ngoài trời/Danh hiệu, huy chương & giải thưởng",810768
Phụ kiện thể thao & ngoài trời/Phấn viết tay,810896
"Đồ bơi, đồ lướt sóng & đồ lặn/Đồ lặn",811024
Đồ thể thao & ngoài trời/Áo mưa thể thao,811152
Đồ thể thao & ngoài trời/Đồ lót giữ ấm thể thao,811280
Giày thể thao/Giày lội nước,811408
Đồ thể thao & ngoài trời/Áo thun thể thao,835720
Đồ thể thao & ngoài trời/Áo khoác thể thao,835848
Đồ thể thao & ngoài trời/Quần short thể thao,835976
Đồ thể thao & ngoài trời/Quần legging thể thao,836104
Đồ thể thao & ngoài trời/Trang phục thể thao trẻ em,836232
Giày thể thao/Giày tập luyện & Giày tập gym,836360
Giày thể thao/Giày trượt băng & trượt patin,836488
Giày thể thao/Giày thể thao trẻ em,836616
Phụ kiện thể thao & ngoài trời/Kính mắt thể thao,836744
Phụ kiện thể thao & ngoài trời/Tất thể thao,836872
Phụ kiện thể thao & ngoài trời/Đồng hồ bấm giờ và đồng hồ hẹn giờ,837000
Thiết bị các môn thể thao bóng/Bóng bầu dục Rugby,837128
Thiết bị thể thao dưới nước/Bơi lội,837256
Thiết bị thể thao dưới nước/Chèo thuyền,837384
Thiết bị thể thao mùa đông/Trượt ván trên tuyết,837512
Thiết bị tập thể hình/Tập tạ,837640
Thiết bị tập thể hình/Máy tập thể hình,837768
Thiết bị tập thể hình/Xà đơn,837896
Thiết bị cắm trại & đi bộ đường dài/Gậy đi bộ đường dài,838024
Thiết bị cắm trại & đi bộ đường dài/Thảm & Giỏ dã ngoại,838152
Thiết bị cắm trại & đi bộ đường dài/Nội thất cắm trại,838280
Thiết bị tập thể hình/Thảm thể thao,843408
"Đồ bơi, đồ lướt sóng & đồ lặn/Quần bơi ngắn và quần bơi",846352
"Đồ bơi, đồ lướt sóng & đồ lặn/Quần lót",846480
"Đồ bơi, đồ lướt sóng & đồ lặn/Đồ bơi dài tay",846608
"Đồ bơi, đồ lướt sóng & đồ lặn/Đồ bơi thi đấu",846736
"Đồ bơi, đồ lướt sóng & đồ lặn/Bikini",846864
"Đồ bơi, đồ lướt sóng & đồ lặn/Tankini",846992
"Đồ bơi, đồ lướt sóng & đồ lặn/Đầm bơi",847120
"Đồ bơi, đồ lướt sóng & đồ lặn/Đồ bơi một mảnh",847248
"Đồ bơi, đồ lướt sóng & đồ lặn/Áo choàng đi biển",847376
Thiết bị các môn thể thao bóng/Bóng bầu dục Mỹ,936328
Thiết bị các môn thể thao bóng/Bóng gậy,936584
Cửa hàng dành cho người hâm mộ/Giải bóng đá Ngoại hạng Anh,936840
Cửa hàng dành cho người hâm mộ/Bóng rổ,936968
Cửa hàng dành cho người hâm mộ/Bóng gậy,937096
Cửa hàng dành cho người hâm mộ/Golf,937224
Cửa hàng dành cho người hâm mộ/Chơi game,937352
Cửa hàng dành cho người hâm mộ/Bóng bầu dục Rugby,937480
Cửa hàng dành cho người hâm mộ/Tennis,937608
Thiết bị tập thể hình/Dây kéo đàn hồi,939784
Thiết bị giải trí ngoài trời & thư giãn/Trượt patin,939912
Thiết bị tập thể hình/Xe trượt scooter & Xe ngồi lái,940040
Phụ kiện thể thao & ngoài trời/Bình nước thể thao,940168
Đồ thể thao & ngoài trời/Đồ khiêu vũ & Trang phục khiêu vũ,963592
Đồ thể thao & ngoài trời/Chân váy thể thao,963720
Đồ thể thao & ngoài trời/Váy liền thể thao,963976
Phụ kiện thể thao & ngoài trời/Găng tay thể thao,965384
Phụ kiện thể thao & ngoài trời/Băng đô thể thao,965512
Phụ kiện thể thao & ngoài trời/Vòng tay thể thao,965640
Phụ kiện thể thao & ngoài trời/Băng thể thao,965768
Phụ kiện thể thao & ngoài trời/Túi đựng giày,965896
Phụ kiện thể thao & ngoài trời/Áo phao cứu hộ,966024
Phụ kiện thể thao & ngoài trời/Mũ bơi,966152
Thiết bị thể thao mùa đông/Trượt băng,966280
Thiết bị thể thao mùa đông/Bi đá trên băng,966408
Thiết bị thể thao mùa đông/Trượt ván,966536
Thiết bị thể thao mùa đông/Trượt tuyết bằng giầy,966664
Thiết bị thể thao dưới nước/Chèo ca nô,966792
Thiết bị thể thao dưới nước/Chèo kayak,966920
Thiết bị thể thao dưới nước/Lướt ván diều,967048
Thiết bị thể thao dưới nước/Đua thuyền & Đội thuyền,967176
Thiết bị thể thao dưới nước/Đi thuyền,967304
Thiết bị thể thao dưới nước/Chèo ván đứng,967432
Thiết bị thể thao dưới nước/Trượt nước & Lướt ván ca nô,967560
Thiết bị thể thao dưới nước/Bóng nước,967688
Thiết bị thể thao dưới nước/Lướt ván buồm,967816
Thiết bị các môn thể thao bóng/Bóng ném Mỹ,967944
Thiết bị các môn thể thao bóng/Bóng ném,968072
Thiết bị các môn thể thao bóng/Bóng đá trong nhà,968200
Thiết bị các môn thể thao bóng/Khúc côn cầu,968328
Thiết bị các môn thể thao bóng/Bóng lưới,968456
Thiết bị các môn thể thao bóng/Mã cầu,968584
Thiết bị các môn thể thao bóng/Bóng mềm,968712
Thiết bị giải trí ngoài trời & thư giãn/Ba lê & Khiêu vũ,968840
Thiết bị giải trí ngoài trời & thư giãn/Võ Karate,968968
Thiết bị giải trí ngoài trời & thư giãn/Leo núi,969096
Thiết bị giải trí ngoài trời & thư giãn/Trò chơi giả lập quân sự nhập vai,969224
Thiết bị giải trí ngoài trời & thư giãn/Nhảy cổ vũ,969352
Thiết bị giải trí ngoài trời & thư giãn/Thể dục dụng cụ,969480
Thiết bị giải trí ngoài trời & thư giãn/Thể dục nhịp điệu,969608
Thiết bị giải trí ngoài trời & thư giãn/Thể thao đĩa bay,969736
Thiết bị giải trí ngoài trời & thư giãn/Chạy,969992
Thiết bị giải trí ngoài trời & thư giãn/Nhảy dù,970120
Thiết bị giải trí ngoài trời & thư giãn/Ba môn phối hợp,970248
Thiết bị giải trí ngoài trời & thư giãn/Đua,970376
Thiết bị giải trí ngoài trời & thư giãn/Thể thao điện tử,970504
Thiết bị tập thể hình/Giàn nhún,994312
Thiết bị tập thể hình/Bộ tập tăng cường sức mạnh cho tay,994440
Thiết bị tập thể hình/Bộ dây tập kháng lực,994568
Thiết bị tập thể hình/Phụ kiện máy tập thể dục,994696
Thiết bị tập thể hình/Thiết bị tập luyện cân bằng,999816
"Thiết bị cắm trại & đi bộ đường dài/Máy lọc nước, máy lọc và bảo quản",1000200
Thiết bị cắm trại & đi bộ đường dài/vệ sinh cắm trại,1000328
Phụ kiện thể thao & ngoài trời/Khăn che mặt & khẩu trang,1000456
Giày thể thao/Giày sandal thể theo,1000584
Giày thể thao/Giày đạp xe,1000712
Giày thể thao/Giày futsal,1000840
Giày thể thao/Giày trượt ván,1000968
Giày thể thao/Giày đi bộ,1001096
Đồ thể thao & ngoài trời/Áo bơi dài tay,1001224
Đồ thể thao & ngoài trời/Quần áo lót thể thao,1001352
Giày thể thao/Phụ kiện giày thể thao,1001480
Thiết bị cắm trại & đi bộ đường dài/Quạt cắm trại,1023112
Thiết bị giải trí ngoài trời & thư giãn/Đạp xe/Đồ bảo hộ,1095952
Thiết bị giải trí ngoài trời & thư giãn/Đạp xe/Đèn & kính hậu,1096080
Thiết bị giải trí ngoài trời & thư giãn/Đạp xe/Kính,1096336
Thiết bị giải trí ngoài trời & thư giãn/Đạp xe/Phụ kiện & mũ bảo hiểm cho xe đạp,1096464
Thiết bị giải trí ngoài trời & thư giãn/Đạp xe/Kid's Bikes & Accessories/Đồ bảo hộ,1737232
Thiết bị giải trí ngoài trời & thư giãn/Đạp xe/Kid's Bikes & Accessories/Mũ bảo hiểm,1737360
Thiết bị giải trí ngoài trời & thư giãn/Đạp xe/Kid's Bikes & Accessories/Phụ kiện xe đạp,1737488
Thiết bị giải trí ngoài trời & thư giãn/Đạp xe/Kid's Bikes & Accessories/Xe đạp,1737616
Thiết bị giải trí ngoài trời & thư giãn/Đạp xe/Components & Parts/Bánh xe,1738256
Thiết bị giải trí ngoài trời & thư giãn/Đạp xe/Components & Parts/Lốp,1738384
Thiết bị giải trí ngoài trời & thư giãn/Đạp xe/Components & Parts/Ruột xe,1738512
Thiết bị giải trí ngoài trời & thư giãn/Đạp xe/Components & Parts/Phuộc,1738640
Thiết bị giải trí ngoài trời & thư giãn/Đạp xe/Components & Parts/Cổ lái,1738768
Thiết bị giải trí ngoài trời & thư giãn/Đạp xe/Components & Parts/Nan hoa,1738896
Thiết bị giải trí ngoài trời & thư giãn/Đạp xe/Components & Parts/Tay đề,1739024
Thiết bị giải trí ngoài trời & thư giãn/Đạp xe/Components & Parts/Cần gạt số,1739152
Thiết bị giải trí ngoài trời & thư giãn/Đạp xe/Components & Parts/Cọc yên,1739280
Thiết bị giải trí ngoài trời & thư giãn/Đạp xe/Components & Parts/Khóa cốt yên,1739408
Thiết bị giải trí ngoài trời & thư giãn/Đạp xe/Components & Parts/Ốc vít,1739536
Thiết bị giải trí ngoài trời & thư giãn/Đạp xe/Components & Parts/Yên xe,1739664
Thiết bị giải trí ngoài trời & thư giãn/Đạp xe/Components & Parts/Vành xe,1739792
Thiết bị giải trí ngoài trời & thư giãn/Đạp xe/Components & Parts/Chốt gác chân,1739920
Thiết bị giải trí ngoài trời & thư giãn/Đạp xe/Components & Parts/Bàn đạp,1740048
Thiết bị giải trí ngoài trời & thư giãn/Đạp xe/Components & Parts/Chân chống,1740176
Thiết bị giải trí ngoài trời & thư giãn/Đạp xe/Components & Parts/Đùm xe đạp,1740304
Thiết bị giải trí ngoài trời & thư giãn/Đạp xe/Components & Parts/Bộ chén cổ,1740432
Thiết bị giải trí ngoài trời & thư giãn/Đạp xe/Components & Parts/Vòng đệm chén cổ,1740560
Thiết bị giải trí ngoài trời & thư giãn/Đạp xe/Components & Parts/Dây quấn ghi đông,1740688
Thiết bị giải trí ngoài trời & thư giãn/Đạp xe/Components & Parts/Bộ truyền động,1740816
Thiết bị giải trí ngoài trời & thư giãn/Đạp xe/Components & Parts/Bộ chuyển số,1740944
Thiết bị giải trí ngoài trời & thư giãn/Đạp xe/Components & Parts/Bộ giò đĩa,1741072
Thiết bị giải trí ngoài trời & thư giãn/Đạp xe/Components & Parts/Đĩa xích,1741200
Thiết bị giải trí ngoài trời & thư giãn/Đạp xe/Components & Parts/Bộ dẫn xích,1741328
Thiết bị giải trí ngoài trời & thư giãn/Đạp xe/Components & Parts/Líp vặn & líp thả,1741456
Thiết bị giải trí ngoài trời & thư giãn/Đạp xe/Components & Parts/Thắng xe,1741584
Thiết bị giải trí ngoài trời & thư giãn/Đạp xe/Components & Parts/Bộ phận thắng,1741712
Thiết bị giải trí ngoài trời & thư giãn/Đạp xe/Components & Parts/Trục giữa,1741840
Thiết bị giải trí ngoài trời & thư giãn/Đạp xe/Components & Parts/Khung xe đạp,1741968
Thiết bị giải trí ngoài trời & thư giãn/Đạp xe/Components & Parts/Pin,1742096
Thiết bị giải trí ngoài trời & thư giãn/Đạp xe/Bike Tools & Equipment/Giá đỡ,1743632
Thiết bị giải trí ngoài trời & thư giãn/Đạp xe/Bike Tools & Equipment/Bộ dụng cụ vá lốp xe,1743760
Thiết bị giải trí ngoài trời & thư giãn/Đạp xe/Bike Tools & Equipment/Bộ dụng cụ,1743888
Thiết bị giải trí ngoài trời & thư giãn/Đạp xe/Bike Tools & Equipment/Dầu,1744016
Thiết bị giải trí ngoài trời & thư giãn/Đạp xe/Bike Tools & Equipment/Dụng cụ đa năng,1744144
Thiết bị giải trí ngoài trời & thư giãn/Đạp xe/Bike Tools & Equipment/Dụng cụ cầm tay,1744272
Thiết bị giải trí ngoài trời & thư giãn/Đạp xe/Bike Tools & Equipment/Dầu mỡ bôi trơn,1744400
Thiết bị giải trí ngoài trời & thư giãn/Đạp xe/Bike Tools & Equipment/Dung dịch rửa xe,1744528
Thiết bị giải trí ngoài trời & thư giãn/Đạp xe/Bikes/Xe đạp đôi,2233616
Thiết bị giải trí ngoài trời & thư giãn/Đạp xe/Bikes/Xe đạp đường trường,2233744
Thiết bị giải trí ngoài trời & thư giãn/Đạp xe/Bikes/Xe đạp nằm,2233872
Thiết bị giải trí ngoài trời & thư giãn/Đạp xe/Bikes/Xe đạp leo núi,2234000
Thiết bị giải trí ngoài trời & thư giãn/Đạp xe/Bikes/Xe đạp hybrid,2234256
Thiết bị giải trí ngoài trời & thư giãn/Đạp xe/Bikes/Xe đạp gấp,2234384
Thiết bị giải trí ngoài trời & thư giãn/Đạp xe/Bikes/Xe đạp dã ngoại,2234640
Thiết bị giải trí ngoài trời & thư giãn/Đạp xe/Bikes/Xe đạp thoải mái,2234768
Thiết bị giải trí ngoài trời & thư giãn/Đạp xe/Bikes/Xe đạp BMX,2234896
Thiết bị giải trí ngoài trời & thư giãn/Đạp xe/Accessories/Nắp chụp van,2235024
Thiết bị giải trí ngoài trời & thư giãn/Đạp xe/Accessories/Kẹp quần xe đạp,2235152
Thiết bị giải trí ngoài trời & thư giãn/Đạp xe/Accessories/Bánh phụ tập đi xe đạp,2235280
Thiết bị giải trí ngoài trời & thư giãn/Đạp xe/Accessories/Xe moóc & xe kéo,2235408
Thiết bị giải trí ngoài trời & thư giãn/Đạp xe/Accessories/Bọc yên xe đạp,2235536
Thiết bị giải trí ngoài trời & thư giãn/Đạp xe/Accessories/Băng dán vành xe đạp,2235664
Thiết bị giải trí ngoài trời & thư giãn/Đạp xe/Accessories/Thiết bị phản quang,2235792
Thiết bị giải trí ngoài trời & thư giãn/Đạp xe/Accessories/Giá treo xe đạp sau ô tô,2235920
Thiết bị giải trí ngoài trời & thư giãn/Đạp xe/Accessories/Kệ dựng & giá đỡ,2236048
Thiết bị giải trí ngoài trời & thư giãn/Đạp xe/Accessories/Khóa cốt yên xe đạp,2236176
Thiết bị giải trí ngoài trời & thư giãn/Đạp xe/Accessories/Ống bơm,2236304
Thiết bị giải trí ngoài trời & thư giãn/Đạp xe/Accessories/Khóa móc treo,2236560
Thiết bị giải trí ngoài trời & thư giãn/Đạp xe/Accessories/Ổ khóa,2236688
Thiết bị giải trí ngoài trời & thư giãn/Đạp xe/Accessories/Bộ phận & phụ kiện chiếu sáng,2236816
Thiết bị giải trí ngoài trời & thư giãn/Đạp xe/Accessories/Máy đo nhịp tim,2236944
Thiết bị giải trí ngoài trời & thư giãn/Đạp xe/Accessories/Bộ định vị GPS,2237072
Thiết bị giải trí ngoài trời & thư giãn/Đạp xe/Accessories/Dè chắn bùn,2237200
Thiết bị giải trí ngoài trời & thư giãn/Đạp xe/Accessories/Máy tính gắn xe đạp,2237328
Thiết bị giải trí ngoài trời & thư giãn/Đạp xe/Accessories/Bình nước,2237712
Thiết bị giải trí ngoài trời & thư giãn/Đạp xe/Accessories/Giá đỡ bình nước,2237840
Thiết bị giải trí ngoài trời & thư giãn/Đạp xe/Accessories/Xe đạp tập thể dục,2237968
Thiết bị giải trí ngoài trời & thư giãn/Đạp xe/Accessories/Phụ kiện xe đạp tập thể dục,2238096
Thiết bị giải trí ngoài trời & thư giãn/Đạp xe/Accessories/Phụ kiện bơm xe đạp,2238224
Thiết bị giải trí ngoài trời & thư giãn/Đạp xe/Accessories/Gương xe đạp,2238352
Thiết bị giải trí ngoài trời & thư giãn/Đạp xe/Accessories/Áo trùm xe đạp,2238480
"Thiết bị giải trí ngoài trời & thư giãn/Đạp xe/Accessories/Ba lô, túi xách & giỏ gắn xe đạp",2238608
Thiết bị giải trí ngoài trời & thư giãn/Đạp xe/Accessories/Chuông,2238736